{"service": "ec2", "region": "us-east-1", "profile": null, "operation": "DescribeVolumes", "response": {"Volumes": [{"Attachments": [{"AttachTime": "2022-05-13T03:45:12+00:00", "Device": "/dev/xvda", "InstanceId": "i-064fbb49804d805f6", "State": "attached", "VolumeId": "vol-021b2d6e0e3f44104", "DeleteOnTermination": true}], "AvailabilityZone": "us-east-1b", "CreateTime": "2022-05-13T03:45:12.389000+00:00", "Encrypted": false, "Size": 8, "SnapshotId": "snap-08cbb15f1c8eb5387", "State": "in-use", "VolumeId": "vol-021b2d6e0e3f44104", "Iops": 100, "VolumeType": "gp2", "MultiAttachEnabled": false}, {"Attachments": [{"AttachTime": "2022-05-16T18:05:47+00:00", "Device": "/dev/xvda", "InstanceId": "i-0858f25e706de0459", "State": "attached", "VolumeId": "vol-0758da2f0155d09db", "DeleteOnTermination": true}], "AvailabilityZone": "us-east-1a", "CreateTime": "2022-05-16T18:05:47.338000+00:00", "Encrypted": false, "Size": 8, "SnapshotId": "snap-08cbb15f1c8eb5387", "State": "in-use", "VolumeId": "vol-0758da2f0155d09db", "Iops": 100, "VolumeType": "gp2", "MultiAttachEnabled": false}], "ResponseMetadata": {"RequestId": "0e9ba87b-82a1-4111-810f-f1d629449b7a", "HTTPStatusCode": 200, "HTTPHeaders": {"x-amzn-requestid": "0e9ba87b-82a1-4111-810f-f1d629449b7a", "cache-control": "no-cache, no-store", "strict-transport-security": "max-age=31536000; includeSubDomains", "vary": "accept-encoding", "content-type": "text/xml;charset=UTF-8", "content-length": "2165", "date": "Sat, 21 May 2022 11:47:29 GMT", "server": "AmazonEC2"}, "RetryAttempts": 0}}}