{"service": "ec2", "region": "us-east-1", "profile": null, "operation": "DescribeSecurityGroups", "response": {"SecurityGroups": [{"Description": "default VPC security group", "GroupName": "default", "IpPermissions": [{"IpProtocol": "-1", "IpRanges": [], "Ipv6Ranges": [], "PrefixListIds": [], "UserIdGroupPairs": [{"GroupId": "sg-00fd6fc8117cbecd5", "UserId": "637333041330"}]}], "OwnerId": "637333041330", "GroupId": "sg-00fd6fc8117cbecd5", "IpPermissionsEgress": [{"IpProtocol": "-1", "IpRanges": [{"CidrIp": "0.0.0.0/0"}], "Ipv6Ranges": [], "PrefixListIds": [], "UserIdGroupPairs": []}], "VpcId": "vpc-0e7a2ff0b7df61af8"}, {"Description": "launch-wizard created 2022-05-13T03:25:14.560Z", "GroupName": "launch-wizard-1", "IpPermissions": [{"FromPort": 80, "IpProtocol": "tcp", "IpRanges": [{"CidrIp": "0.0.0.0/0"}], "Ipv6Ranges": [], "PrefixListIds": [], "ToPort": 80, "UserIdGroupPairs": []}, {"FromPort": 22, "IpProtocol": "tcp", "IpRanges": [{"CidrIp": "0.0.0.0/0"}], "Ipv6Ranges": [], "PrefixListIds": [], "ToPort": 22, "UserIdGroupPairs": []}, {"FromPort": 443, "IpProtocol": "tcp", "IpRanges": [{"CidrIp": "0.0.0.0/0"}], "Ipv6Ranges": [], "PrefixListIds": [], "ToPort": 443, "UserIdGroupPairs": []}], "OwnerId": "637333041330", "GroupId": "sg-0782cfd7b1c060fa8", "IpPermissionsEgress": [{"IpProtocol": "-1", "IpRanges": [{"CidrIp": "0.0.0.0/0"}], "Ipv6Ranges": [], "PrefixListIds": [], "UserIdGroupPairs": []}], "VpcId": "vpc-0e7a2ff0b7df61af8"}], "ResponseMetadata": {"RequestId": "c5118c8f-f871-4552-9ee2-13a037a7d6fc", "HTTPStatusCode": 200, "HTTPHeaders": {"x-amzn-requestid": "c5118c8f-f871-4552-9ee2-13a037a7d6fc", "cache-control": "no-cache, no-store", "strict-transport-security": "max-age=31536000; includeSubDomains", "vary": "accept-encoding", "content-type": "text/xml;charset=UTF-8", "content-length": "3725", "date": "Sat, 21 May 2022 11:47:30 GMT", "server": "AmazonEC2"}, "RetryAttempts": 0}}}