{"service": "ec2", "region": "us-east-1", "profile": null, "operation": "DescribeInstanceStatus", "response": {"InstanceStatuses": [{"AvailabilityZone": "us-east-1b", "InstanceId": "i-064fbb49804d805f6", "InstanceState": {"Code": 16, "Name": "running"}, "InstanceStatus": {"Details": [{"Name": "reachability", "Status": "passed"}], "Status": "ok"}, "SystemStatus": {"Details": [{"Name": "reachability", "Status": "passed"}], "Status": "ok"}}, {"AvailabilityZone": "us-east-1a", "InstanceId": "i-0858f25e706de0459", "InstanceState": {"Code": 16, "Name": "running"}, "InstanceStatus": {"Details": [{"Name": "reachability", "Status": "passed"}], "Status": "ok"}, "SystemStatus": {"Details": [{"Name": "reachability", "Status": "passed"}], "Status": "ok"}}], "ResponseMetadata": {"RequestId": "4eac7c6e-29d5-460f-9afd-2e32736b874f", "HTTPStatusCode": 200, "HTTPHeaders": {"x-amzn-requestid": "4eac7c6e-29d5-460f-9afd-2e32736b874f", "cache-control": "no-cache, no-store", "strict-transport-security": "max-age=31536000; includeSubDomains", "content-type": "text/xml;charset=UTF-8", "content-length": "2011", "date": "Sat, 21 May 2022 11:47:29 GMT", "server": "AmazonEC2"}, "RetryAttempts": 0}}}