{"service": "ec2", "region": "us-east-1", "profile": null, "operation": "GetVpnConnectionDeviceTypes", "response": {"VpnConnectionDeviceTypes": [{"VpnConnectionDeviceTypeId": "36ef5d04", "Vendor": "Barracuda", "Platform": "NextGen Firewall F-Series", "Software": "6.2+"}, {"VpnConnectionDeviceTypeId": "feabc07e", "Vendor": "Checkpoint", "Platform": "Gaia", "Software": "R77.10+"}, {"VpnConnectionDeviceTypeId": "1b270706", "Vendor": "Checkpoint", "Platform": "Gaia", "Software": "R80.10+"}, {"VpnConnectionDeviceTypeId": "42ff1bfc", "Vendor": "Cisco Meraki", "Platform": "MX Series", "Software": "15.12+ (WebUI)"}, {"VpnConnectionDeviceTypeId": "866e027c", "Vendor": "Cisco Meraki", "Platform": "MX Series", "Software": "9.0+ (WebUI)"}, {"VpnConnectionDeviceTypeId": "6883834a", "Vendor": "Cisco Systems, Inc.", "Platform": "ASA 5500 Series", "Software": "ASA 8.2+"}, {"VpnConnectionDeviceTypeId": "b556dcd1", "Vendor": "Cisco Systems, Inc.", "Platform": "ASA 5500 Series", "Software": "ASA 9.7+ VTI"}, {"VpnConnectionDeviceTypeId": "78c1a727", "Vendor": "Cisco Systems, Inc.", "Platform": "ASA 5500 Series", "Software": "ASA 9.x"}, {"VpnConnectionDeviceTypeId": "48548f98", "Vendor": "Cisco Systems, Inc.", "Platform": "Cisco ASR 1000", "Software": "IOS 12.4+"}, {"VpnConnectionDeviceTypeId": "7b754310", "Vendor": "Cisco Systems, Inc.", "Platform": "CSRv AMI", "Software": "IOS 12.4+"}, {"VpnConnectionDeviceTypeId": "ae4cefeb", "Vendor": "Cisco Systems, Inc.", "Platform": "Firepower", "Software": "v6.2.2+"}, {"VpnConnectionDeviceTypeId": "b0adb196", "Vendor": "Cisco Systems, Inc.", "Platform": "ISR Series Routers", "Software": "IOS 12.4+"}, {"VpnConnectionDeviceTypeId": "d995c2ab", "Vendor": "Citrix", "Platform": "Netscaler CloudBridge", "Software": "NS 11+"}, {"VpnConnectionDeviceTypeId": "f8eac8fc", "Vendor": "Cyberoam", "Platform": "CR15iNG", "Software": "V 10.6.5 MR-1"}, {"VpnConnectionDeviceTypeId": "56c86b54", "Vendor": "F5 Networks, Inc.", "Platform": "BIG-IP", "Software": "v12.0.0+"}, {"VpnConnectionDeviceTypeId": "2b2c1a73", "Vendor": "Fortinet", "Platform": "Fortigate 40+ Series", "Software": "FortiOS 4.0+"}, {"VpnConnectionDeviceTypeId": "980b2a2d", "Vendor": "Fortinet", "Platform": "Fortigate 40+ Series", "Software": "FortiOS 4.0+ (GUI)"}, {"VpnConnectionDeviceTypeId": "9d9470de", "Vendor": "Fortinet", "Platform": "Fortigate 40+ Series", "Software": "FortiOS 5.0+"}, {"VpnConnectionDeviceTypeId": "887cd1a5", "Vendor": "Fortinet", "Platform": "Fortigate 40+ Series", "Software": "FortiOS 5.0+ (GUI)"}, {"VpnConnectionDeviceTypeId": "7125681a", "Vendor": "Fortinet", "Platform": "Fortigate 40+ Series", "Software": "FortiOS 6.4.4+ (GUI)"}, {"VpnConnectionDeviceTypeId": "9005b6c1", "Vendor": "Generic", "Platform": "Generic", "Software": "Vendor Agnostic"}, {"VpnConnectionDeviceTypeId": "670add1b", "Vendor": "H3C", "Platform": "MSR800", "Software": "Version 5.20"}, {"VpnConnectionDeviceTypeId": "40b66cf5", "Vendor": "IIJ", "Platform": "SEIL/B1", "Software": "SEIL/B1 3.70+"}, {"VpnConnectionDeviceTypeId": "a0c6b2f4", "Vendor": "IIJ", "Platform": "SEIL/X1 and SEIL/X2", "Software": "SEIL/X 3.70+"}, {"VpnConnectionDeviceTypeId": "4b8b2ed4", "Vendor": "IIJ", "Platform": "SEIL/x86", "Software": "SEIL/x86 2.30+"}, {"VpnConnectionDeviceTypeId": "8a961875", "Vendor": "Juniper Networks, Inc.", "Platform": "J-Series Routers", "Software": "JunOS 9.5+"}, {"VpnConnectionDeviceTypeId": "1361227b", "Vendor": "Juniper Networks, Inc.", "Platform": "SRX Routers", "Software": "JunOS 11.0+"}, {"VpnConnectionDeviceTypeId": "acabcac0", "Vendor": "Juniper Networks, Inc.", "Platform": "SSG and ISG Series Routers", "Software": "ScreenOS 6.1"}, {"VpnConnectionDeviceTypeId": "631f834b", "Vendor": "Juniper Networks, Inc.", "Platform": "SSG and ISG Series Routers", "Software": "ScreenOS 6.2+"}, {"VpnConnectionDeviceTypeId": "d36a4756", "Vendor": "Juniper Networks, Inc.", "Platform": "SSG and ISG Series Routers", "Software": "ScreenOS 6.2+ (GUI)"}, {"VpnConnectionDeviceTypeId": "dd55903b", "Vendor": "Microsoft", "Platform": "Windows Server", "Software": "2008 R2"}, {"VpnConnectionDeviceTypeId": "411e7147", "Vendor": "Microsoft", "Platform": "Windows Server", "Software": "2012 R2"}, {"VpnConnectionDeviceTypeId": "2b5427d7", "Vendor": "Mikrotik", "Platform": "RouterOS", "Software": "6.36"}, {"VpnConnectionDeviceTypeId": "37d8aff6", "Vendor": "Mikrotik", "Platform": "RouterOS", "Software": "6.47"}, {"VpnConnectionDeviceTypeId": "6e62f3e3", "Vendor": "Openswan", "Platform": "Openswan", "Software": "Openswan 2.6.38+"}, {"VpnConnectionDeviceTypeId": "754a6372", "Vendor": "Palo Alto Networks", "Platform": "PA Series", "Software": "PANOS 4.1.2+"}, {"VpnConnectionDeviceTypeId": "9612cbed", "Vendor": "Palo Alto Networks", "Platform": "PA Series", "Software": "PANOS 4.1.2+ (GUI)"}, {"VpnConnectionDeviceTypeId": "5fb390ba", "Vendor": "Palo Alto Networks", "Platform": "PA Series", "Software": "PANOS 7.0+"}, {"VpnConnectionDeviceTypeId": "74671aaa", "Vendor": "pfSense", "Platform": "pfSense", "Software": "pfsense 2.2.5+(GUI)"}, {"VpnConnectionDeviceTypeId": "4280e43e", "Vendor": "SonicWall", "Platform": "NSA, TZ", "Software": "OS 5.8"}, {"VpnConnectionDeviceTypeId": "60ca5da1", "Vendor": "SonicWall", "Platform": "NSA, TZ", "Software": "OS 5.9"}, {"VpnConnectionDeviceTypeId": "46154821", "Vendor": "SonicWall", "Platform": "NSA, TZ", "Software": "OS 6.2"}, {"VpnConnectionDeviceTypeId": "fa2df246", "Vendor": "SonicWall", "Platform": "NSA, TZ", "Software": "OS 6.5"}, {"VpnConnectionDeviceTypeId": "758d1557", "Vendor": "Sophos", "Platform": "ASG", "Software": "V8.300+"}, {"VpnConnectionDeviceTypeId": "90f254e7", "Vendor": "Sophos", "Platform": "Sophos Firewall", "Software": "v19+"}, {"VpnConnectionDeviceTypeId": "e5ec51ed", "Vendor": "Sophos", "Platform": "UTM", "Software": "V9"}, {"VpnConnectionDeviceTypeId": "51cb26fd", "Vendor": "Strongswan", "Platform": "Ubuntu 16.04", "Software": "Strongswan 5.5.1+"}, {"VpnConnectionDeviceTypeId": "f1647754", "Vendor": "Vyatta", "Platform": "Vyatta Network OS", "Software": "Vyatta Network OS 6.5+"}, {"VpnConnectionDeviceTypeId": "a0745ade", "Vendor": "WatchGuard, Inc.", "Platform": "XTM, Firebox", "Software": "Fireware OS 11.11.4 (WebUI)"}, {"VpnConnectionDeviceTypeId": "dbeffb53", "Vendor": "WatchGuard, Inc.", "Platform": "XTM, Firebox", "Software": "Fireware OS 11.12.2+ (WebUI)"}, {"VpnConnectionDeviceTypeId": "e7a2d626", "Vendor": "Yamaha", "Platform": "RTX Routers", "Software": "Rev.10.01.16+"}, {"VpnConnectionDeviceTypeId": "400e7aee", "Vendor": "Zyxel", "Platform": "ZyWALL", "Software": "ZLD 4.3+"}, {"VpnConnectionDeviceTypeId": "1153d0d2", "Vendor": "Zyxel", "Platform": "Zywall Series", "Software": "Zywall 4.20+"}], "ResponseMetadata": {"RequestId": "e84df6e2-be3b-4771-9fc3-38813027a6fe", "HTTPStatusCode": 200, "HTTPHeaders": {"x-amzn-requestid": "e84df6e2-be3b-4771-9fc3-38813027a6fe", "cache-control": "no-cache, no-store", "strict-transport-security": "max-age=31536000; includeSubDomains", "vary": "accept-encoding", "content-type": "text/xml;charset=UTF-8", "transfer-encoding": "chunked", "date": "Sat, 21 May 2022 11:47:30 GMT", "server": "AmazonEC2"}, "RetryAttempts": 0}}}