{"service": "ec2", "region": "us-east-1", "profile": null, "operation": "DescribeTags", "response": {"Tags": [{"Key": "Name", "ResourceId": "i-064fbb49804d805f6", "ResourceType": "instance", "Value": "My Web Server"}, {"Key": "Name", "ResourceId": "i-0858f25e706de0459", "ResourceType": "instance", "Value": "ExampleAppServerInstance2"}], "ResponseMetadata": {"RequestId": "c7cccd17-e168-4981-8082-b6c3ef9df75e", "HTTPStatusCode": 200, "HTTPHeaders": {"x-amzn-requestid": "c7cccd17-e168-4981-8082-b6c3ef9df75e", "cache-control": "no-cache, no-store", "strict-transport-security": "max-age=31536000; includeSubDomains", "content-type": "text/xml;charset=UTF-8", "content-length": "651", "date": "Sat, 21 May 2022 11:47:29 GMT", "server": "AmazonEC2"}, "RetryAttempts": 0}}}