{"service": "ec2", "region": "us-east-1", "profile": null, "operation": "DescribeVolumeStatus", "response": {"VolumeStatuses": [{"Actions": [], "AvailabilityZone": "us-east-1b", "Events": [], "VolumeId": "vol-021b2d6e0e3f44104", "VolumeStatus": {"Details": [{"Name": "io-enabled", "Status": "passed"}, {"Name": "io-performance", "Status": "not-applicable"}], "Status": "ok"}}, {"Actions": [], "AvailabilityZone": "us-east-1a", "Events": [], "VolumeId": "vol-0758da2f0155d09db", "VolumeStatus": {"Details": [{"Name": "io-enabled", "Status": "passed"}, {"Name": "io-performance", "Status": "not-applicable"}], "Status": "ok"}}], "ResponseMetadata": {"RequestId": "bce9254a-5a0a-4fe4-811d-30401ae66db3", "HTTPStatusCode": 200, "HTTPHeaders": {"x-amzn-requestid": "bce9254a-5a0a-4fe4-811d-30401ae66db3", "cache-control": "no-cache, no-store", "strict-transport-security": "max-age=31536000; includeSubDomains", "content-type": "text/xml;charset=UTF-8", "content-length": "1569", "date": "Sat, 21 May 2022 11:47:30 GMT", "server": "AmazonEC2"}, "RetryAttempts": 0}}}