{"service": "ec2", "region": "us-east-1", "profile": null, "operation": "DescribeKeyPairs", "response": {"KeyPairs": [{"KeyPairId": "key-05122b42f4f6433f9", "KeyFingerprint": "82:7c:15:1e:a0:a7:62:e8:f5:94:e7:8c:fb:e8:73:56:a1:a3:50:97", "KeyName": "AWS My Web Server EC2 Instance1", "KeyType": "rsa", "Tags": [], "CreateTime": "2022-05-13T03:42:24+00:00"}], "ResponseMetadata": {"RequestId": "71ded6be-0103-4e6d-95d2-bae0eea0428f", "HTTPStatusCode": 200, "HTTPHeaders": {"x-amzn-requestid": "71ded6be-0103-4e6d-95d2-bae0eea0428f", "cache-control": "no-cache, no-store", "strict-transport-security": "max-age=31536000; includeSubDomains", "content-type": "text/xml;charset=UTF-8", "content-length": "609", "date": "Sat, 21 May 2022 11:47:29 GMT", "server": "AmazonEC2"}, "RetryAttempts": 0}}}